owner               ,repository
neovim              ,neovim
facebook            ,react
grpc                ,grpc
quarkusio           ,quarkus
89luca89            ,distrobox
jesseduffield       ,lazygit
tldr-pages          ,tldr
yt-dlp              ,yt-dlp
backstage           ,backstage
sharkdp             ,fd
keycloak            ,keycloak
apache              ,camel
ajeetdsouza         ,zoxide
denoland            ,deno
firecracker-microvm ,firecracker
electron            ,electron
argoproj            ,argo-cd
spring-projects     ,spring-framework